90001216|restaurant|https://disneyworld.disney.go.com/dining/hollywood-studios/50s-prime-time-cafe/|50's Prime Time Café
90001212|restaurant|https://disneyworld.disney.go.com/dining/grand-floridian-resort-and-spa/1900-park-fare/|1900 Park Fare
90001220|restaurant|https://disneyworld.disney.go.com/dining/hollywood-studios/abc-commissary/|ABC Commissary
17736017|Dining-Event|https://disneyworld.disney.go.com/dining/grand-floridian-resort-and-spa/afternoon-tea/|Afternoon Tea at Garden View Tea Room
90002066|restaurant|https://disneyworld.disney.go.com/dining/epcot/akershus-royal-banquet-hall/|Akershus Royal Banquet Hall
90001228|restaurant|https://disneyworld.disney.go.com/dining/yacht-club-resort/ale-and-compass-lounge/|Ale and Compass Lounge
90002426|restaurant|https://disneyworld.disney.go.com/dining/magic-kingdom/aloha-isle/|Aloha Isle
16012973|restaurant|https://disneyworld.disney.go.com/dining/disney-springs/fork-and-screen-dine-in-theatre/|AMC® Disney Springs 24 Dine-In Theatres
90001231|restaurant|https://disneyworld.disney.go.com/dining/hollywood-studios/anaheim-produce/|Anaheim Produce
90001233|restaurant|https://disneyworld.disney.go.com/dining/animal-kingdom/anandapur-ice-cream-truck/|Anandapur Ice Cream Truck
90001248|restaurant|https://disneyworld.disney.go.com/dining/wilderness-lodge-resort/artist-point/|Artist Point
90002219|restaurant|https://disneyworld.disney.go.com/dining/saratoga-springs-resort-and-spa/artists-palette/|The Artist's Palette
90002444|restaurant|https://disneyworld.disney.go.com/dining/magic-kingdom/auntie-gravitys-galactic-goodies/|Auntie Gravity's Galactic Goodies
90001258|restaurant|https://disneyworld.disney.go.com/dining/blizzard-beach/avalunch/|Avalunch
90001260|restaurant|https://disneyworld.disney.go.com/dining/hollywood-studios/backlot-express/|Backlot Express
18082852|restaurant||Backlot Express Lounge
214152|restaurant|https://disneyworld.disney.go.com/dining/saratoga-springs-resort-and-spa/backstretch-pool-bar/|Backstretch Pool Bar
90001262|restaurant|https://disneyworld.disney.go.com/dining/caribbean-beach-resort/banana-cabana-pool-bar/|Banana Cabana Pool Bar
90001264|restaurant|https://disneyworld.disney.go.com/dining/polynesian-resort/barefoot-pool-bar/|Barefoot Pool Bar
32482|restaurant|https://disneyworld.disney.go.com/dining/beach-club-resort/beach-club-marketplace/|Beach Club Marketplace
90001272|restaurant|https://disneyworld.disney.go.com/dining/beach-club-resort/beaches-and-cream-soda-shop/|Beaches & Cream Soda Shop
90001270|restaurant|https://disneyworld.disney.go.com/dining/grand-floridian-resort-and-spa/beach-pool-bar/|Beaches Pool Bar & Grill
25098|restaurant|https://disneyworld.disney.go.com/dining/animal-kingdom/beastly-kiosk/|Beastly Kiosk
90001278|restaurant|https://disneyworld.disney.go.com/dining/board-walk-inn/belle-vue-lounge/|Belle Vue Lounge
16660079|restaurant|https://disneyworld.disney.go.com/dining/magic-kingdom/be-our-guest-restaurant/|Be Our Guest Restaurant
225148|Dining-Event|https://disneyworld.disney.go.com/dining/epcot/food-wine-beverage-seminars/|Beverage Seminars
90001292|restaurant|https://disneyworld.disney.go.com/dining/epcot/biergarten-restaurant/|Biergarten Restaurant
90001294|restaurant|https://disneyworld.disney.go.com/dining/boardwalk/big-river-grille-and-brewing-works/|Big River Grille & Brewing Works
17561004|restaurant|https://disneyworld.disney.go.com/dining/epcot/block-hans/|Block & Hans
90001311|restaurant|https://disneyworld.disney.go.com/dining/boardwalk/boardwalk-bakery/|BoardWalk Bakery
90001315|restaurant|https://disneyworld.disney.go.com/dining/boardwalk/boardwalk-joes-marvelous-margaritas/|BoardWalk Joe's Marvelous Margaritas
17936197|restaurant|https://disneyworld.disney.go.com/dining/disney-springs/boathouse-restaurant/|The BOATHOUSE®: Great Food, Waterfront Dining, Dream Boats™
90002448|restaurant|https://disneyworld.disney.go.com/dining/port-orleans-resort-riverside/boatwright-dining-hall/|Boatwright's Dining Hall
90001320|restaurant|https://disneyworld.disney.go.com/dining/animal-kingdom-lodge/boma-flavors-of-africa/|Boma - Flavors of Africa
90001324|restaurant|https://disneyworld.disney.go.com/dining/disney-springs/bongos-cuban-cafe/|Bongos Cuban Café™
16736787|restaurant|https://disneyworld.disney.go.com/dining/disney-springs/bongos-cuban-cafe-express/|Bongos Cuban Café™ Express
90001333|restaurant|https://disneyworld.disney.go.com/dining/dolphin-hotel/cabana-bar-and-beach-club/|Cabana Bar and Beach Club
230222|restaurant|https://disneyworld.disney.go.com/dining/coronado-springs-resort/cafe-rix/|Cafe Rix
90001336|restaurant|https://disneyworld.disney.go.com/dining/contemporary-resort/california-grill/|California Grill
90001340|restaurant||California Grill Lounge
17736025|Dining-Event|https://disneyworld.disney.go.com/dining/epcot/candlelight-dinner-packages/|Candlelight Dining Package
17564463|restaurant|https://disneyworld.disney.go.com/dining/four-seasons/capa/|Capa
90001347|restaurant|https://disneyworld.disney.go.com/dining/beach-club-resort/cape-may-cafe/|Cape May Cafe
13219|restaurant|https://disneyworld.disney.go.com/dining/animal-kingdom-lodge/cape-town-lounge-and-wine-bar/|Cape Town Lounge and Wine Bar
90002410|restaurant|https://disneyworld.disney.go.com/dining/yacht-club-resort/captains-grille/|Captain's Grille
90001357|restaurant|https://disneyworld.disney.go.com/dining/polynesian-resort/capt-cooks/|Capt. Cook's
90002458|restaurant|https://disneyworld.disney.go.com/dining/magic-kingdom/caseys-corner/|Casey's Corner
90001365|restaurant|https://disneyworld.disney.go.com/dining/hollywood-studios/catalina-eddies/|Catalina Eddie's
225156|Dining-Event|https://disneyworld.disney.go.com/dining/epcot/food-wine-cheese-seminars/|Cheese Seminars
90001369|restaurant|https://disneyworld.disney.go.com/dining/contemporary-resort/chef-mickeys/|Chef Mickey's
90001373|restaurant|https://disneyworld.disney.go.com/dining/epcot/chefs-de-france/|Chefs de France
90002484|restaurant|https://disneyworld.disney.go.com/dining/magic-kingdom/cheshire-cafe/|Cheshire Café
90002464|restaurant|https://disneyworld.disney.go.com/dining/magic-kingdom/cinderella-royal-table/|Cinderella's Royal Table
90001378|restaurant|https://disneyworld.disney.go.com/dining/grand-floridian-resort-and-spa/citricos/|Cítricos
90001382|restaurant|https://disneyworld.disney.go.com/dining/grand-floridian-resort-and-spa/chef-domain-at-citricos/|Cítricos Chef's Domain
58508|restaurant|https://disneyworld.disney.go.com/dining/grand-floridian-resort-and-spa/citricos-lounge/|Cítricos Lounge
90001399|restaurant|https://disneyworld.disney.go.com/dining/magic-kingdom/columbia-harbour-house/|Columbia Harbour House
293614|restaurant|https://disneyworld.disney.go.com/dining/contemporary-resort/contempo-cafe/|Contempo Café
90001407|restaurant|https://disneyworld.disney.go.com/dining/contemporary-resort/contemporary-grounds/|Contemporary Grounds
98576|restaurant|https://disneyworld.disney.go.com/dining/disney-springs/cookes-of-dublin/|Cookes of Dublin
90002227|restaurant|https://disneyworld.disney.go.com/dining/blizzard-beach/cooling-hut/|Cooling Hut
90002468|restaurant|https://disneyworld.disney.go.com/dining/magic-kingdom/cool-ship/|Cool Ship
90001416|restaurant|https://disneyworld.disney.go.com/dining/epcot/coral-reef-restaurant/|Coral Reef Restaurant
90002470|restaurant|https://disneyworld.disney.go.com/dining/magic-kingdom/cosmic-ray-starlight-cafe/|Cosmic Ray's Starlight Café
90001423|restaurant|https://disneyworld.disney.go.com/dining/grand-floridian-resort-and-spa/courtyard-pool-bar/|Courtyard Pool Bar
362428|restaurant|https://disneyworld.disney.go.com/dining/contemporary-resort/cove-bar/|Cove Bar
18058385|restaurant|https://disneyworld.disney.go.com/dining/animal-kingdom/creature-comforts/|Creature Comforts
90001433|restaurant|https://disneyworld.disney.go.com/dining/yacht-club-resort/crew-cup-lounge/|Crew's Cup Lounge
90001437|restaurant|https://disneyworld.disney.go.com/dining/cabins-at-fort-wilderness-resort/crockett-tavern/|Crockett's Tavern
90001754|restaurant|https://disneyworld.disney.go.com/dining/disney-springs/house-of-blues-restaurant/|Crossroads at House of Blues®
90002660|restaurant|https://disneyworld.disney.go.com/dining/magic-kingdom/crystal-palace/|The Crystal Palace
18133667|restaurant|https://disneyworld.disney.go.com/dining/epcot/food-wine-culinary-adventures/|Culinary Adventure in Signature Dining
225150|Dining-Event|https://disneyworld.disney.go.com/dining/epcot/food-wine-culinary-demonstrations/|Culinary Demonstrations
90001443|restaurant|https://disneyworld.disney.go.com/dining/animal-kingdom/dawa-bar/|Dawa Bar
247904|restaurant|https://disneyworld.disney.go.com/dining/magic-kingdom/diamond-horseshoe/|The Diamond Horseshoe
90002402|restaurant|https://disneyworld.disney.go.com/dining/disney-springs/dining-room-at-wolfgang-puck-grand-cafe/|The Dining Room at Wolfgang Puck® Grand Cafe
17736019|Dining-Event|/dining/hollywood-studios/dine-with-an-imagineer/|Dining With An Imagineer
90002472|restaurant|https://disneyworld.disney.go.com/dining/animal-kingdom/dino-bite-snacks/|Dino-Bite Snacks
90002642|restaurant|https://disneyworld.disney.go.com/dining/animal-kingdom/discovery-island-kiosk/|Discovery Island Kiosk
17019212|restaurant|https://disneyworld.disney.go.com/dining/pizza-delivery/|Disney Resorts Pizza Delivery
17019208|restaurant|https://disneyworld.disney.go.com/dining/room-service/|Disney Resorts Room Service
3809|Dinner-Show|https://disneyworld.disney.go.com/dining/polynesian-resort/disney-spirit-of-aloha-dinner-show/|Disney's Spirit of Aloha Dinner Show
18061966|restaurant|https://disneyworld.disney.go.com/dining/disney-springs/dockside-margaritas/|Dockside Margaritas
17411626|restaurant|https://disneyworld.disney.go.com/dining/disney-springs/downtown-snow-company/|Downtown Snow Company
90001465|restaurant|https://disneyworld.disney.go.com/dining/disney-springs/earl-of-sandwich/|Earl Of Sandwich®
140873|Dining-Event|https://disneyworld.disney.go.com/dining/epcot/food-wine-eat-to-the-beat-dinner-package/|Eat to the Beat Dining Package
90001477|restaurant|https://disneyworld.disney.go.com/dining/epcot/electric-umbrella-restaurant/|Electric Umbrella
90001482|restaurant|https://disneyworld.disney.go.com/dining/all-star-sports-resort/end-zone-food-court/|End Zone Food Court
18148079|Dining-Event|https://disneyworld.disney.go.com/dining/epcot/food-wine-festival-tasting-sampler/|Epcot International Food & Wine Festival Tasting Sampler; Celebrating 20 Delicious Years!
17856815|restaurant||Epcot World Showcase
178192|restaurant||Epcot World ShowPlace
18041951|restaurant||Erin McKenna's Bakery NYC
90001523|restaurant|https://disneyworld.disney.go.com/dining/boardwalk/espn-club/|ESPN Club
244731|restaurant|https://disneyworld.disney.go.com/dining/wide-world-of-sports/espn-wide-world-sports-grill/|ESPN Wide World of Sports Grill
90001527|restaurant|https://disneyworld.disney.go.com/dining/pop-century-resort/everything-pop-dining/|Everything POP Shopping & Dining
65400|restaurant|https://disneyworld.disney.go.com/dining/disney-springs/wolfgang-puck-express-downtown-disney-westside/|The Express at Wolfgang Puck® Grand Cafe
90001531|restaurant|https://disneyworld.disney.go.com/dining/hollywood-studios/fairfax-fare/|Fairfax Fare
17736028|Dining-Event|https://disneyworld.disney.go.com/dining/hollywood-studios/fantasmic-dining-package/|Fantasmic! Dinner Package
18123662|Dining-Event|https://disneyworld.disney.go.com/dining/magic-kingdom/ferrytale-wishes-dessert-cruise/|Ferrytale Wishes: A Fireworks Dessert Cruise
364242|restaurant||The Festival Center
248784|restaurant|https://disneyworld.disney.go.com/dining/epcot/fife-and-drum-tavern/|Fife & Drum Tavern
90002524|restaurant|https://disneyworld.disney.go.com/dining/animal-kingdom/flame-tree-barbecue/|Flame Tree Barbecue
90001548|restaurant|https://disneyworld.disney.go.com/dining/boardwalk/flying-fish-cafe/|Flying Fish Cafe
17736020|Dining-Event|https://disneyworld.disney.go.com/dining/boardwalk/chef-tasting-wine-dinner-at-flying-fish-cafe/|Flying Fish Cafe - Chef's Tasting Wine Dinner
90001554|restaurant|https://disneyworld.disney.go.com/dining/disney-springs/foodquest/|FoodQuest
17753592|restaurant|https://disneyworld.disney.go.com/dining/disney-springs/food-truck-fantasy-fare/|Food Truck - Fantasy Fare
17753591|restaurant|https://disneyworld.disney.go.com/dining/disney-springs/food-truck-namaste-cafe/|Food Truck - Namaste Cafe
17753583|restaurant|https://disneyworld.disney.go.com/dining/disney-springs/food-truck-superstar-catering/|Food Truck - Superstar Catering
17753590|restaurant|https://disneyworld.disney.go.com/dining/disney-springs/food-truck-world-showcase-flavors/|Food Truck - World Showcase of Flavors
90002051|restaurant||Fort Wilderness Pavilion
90001780|restaurant|https://disneyworld.disney.go.com/dining/disney-springs/forty-thirst-street/|Forty Thirst Street Express
90001456|restaurant|https://disneyworld.disney.go.com/dining/dolphin-hotel/fountain/|The Fountain
90001564|restaurant|https://disneyworld.disney.go.com/dining/epcot/fountain-view/|Fountain View
18141735|restaurant|https://disneyworld.disney.go.com/dining/epcot/food-wine-french-family-meal-traditions-event/|French Family Meal Traditions
90001568|restaurant|https://disneyworld.disney.go.com/dining/dolphin-hotel/fresh-mediterranean-market/|Fresh Mediterranean Market
114690|restaurant|https://disneyworld.disney.go.com/dining/magic-kingdom/friars-nook/|The Friar's Nook
131027|restaurant|https://disneyworld.disney.go.com/dining/disney-springs/front-porch-bar-at-house-of-blues-restaurant/|The Front Porch
113666|restaurant|https://disneyworld.disney.go.com/dining/blizzard-beach/frostbite-freddy/|Frostbite Freddy's Frozen Freshments
90001575|restaurant|https://disneyworld.disney.go.com/dining/disney-springs/fultons-crab-house/|Fulton's Crab House
90001577|restaurant|https://disneyworld.disney.go.com/dining/epcot/funnel-cake/|Funnel Cake
248601|restaurant|https://disneyworld.disney.go.com/dining/boardwalk/funnel-cake-cart/|Funnel Cake Cart
90002237|restaurant|https://disneyworld.disney.go.com/dining/epcot/garden-grill-restaurant/|The Garden Grill
90001728|restaurant|https://disneyworld.disney.go.com/dining/swan-hotel/garden-grove/|Garden Grove
90002646|restaurant|https://disneyworld.disney.go.com/dining/animal-kingdom/gardens-kiosk/|Gardens Kiosk
90002241|restaurant|https://disneyworld.disney.go.com/dining/grand-floridian-resort-and-spa/garden-view-tea-room/|Garden View Tea Room
90001583|restaurant|https://disneyworld.disney.go.com/dining/grand-floridian-resort-and-spa/gasparilla-island-grill/|Gasparilla Island Grill
16767318|restaurant|https://disneyworld.disney.go.com/dining/magic-kingdom/gastons-tavern/|Gaston's Tavern
90001704|restaurant|https://disneyworld.disney.go.com/dining/epcot/gelati/|Gelati
90001710|restaurant|https://disneyworld.disney.go.com/dining/disney-springs/ghirardelli-soda-fountain/|Ghirardelli® Ice Cream & Chocolate Shop
17498012|restaurant|https://disneyworld.disney.go.com/dining/epcot/food-wine-marketplaces/|Global Marketplaces at the 2015 Epcot® International Food & Wine Festival
90002530|restaurant|https://disneyworld.disney.go.com/dining/magic-kingdom/golden-oak-outpost/|Golden Oak Outpost
17855368|Dining-Event|https://disneyworld.disney.go.com/dining/four-seasons/breakfast-with-goofy-ravello/|Good Morning Breakfast with Goofy and His Pals
90001718|restaurant|https://disneyworld.disney.go.com/dining/old-key-west-resort/goods-food-to-go/|Good's Food to Go
90001724|restaurant|https://disneyworld.disney.go.com/dining/grand-floridian-resort-and-spa/grand-floridian-cafe/|Grand Floridian Cafe
90002209|restaurant|https://disneyworld.disney.go.com/dining/all-star-sports-resort/grandstand-spirits-pool-bar/|Grandstand Spirits
90002243|restaurant|https://disneyworld.disney.go.com/dining/old-key-west-resort/gurgling-suitcase-libations-and-spirits/|Gurgling Suitcase
17581448|restaurant|https://disneyworld.disney.go.com/dining/disney-springs/haagen-dazs-west-side/|Häagen-Dazs® at Disney Springs West Side
90001734|restaurant|https://disneyworld.disney.go.com/dining/typhoon-lagoon/happy-landings-ice-cream/|Happy Landings Ice Cream
90001736|restaurant|https://disneyworld.disney.go.com/dining/animal-kingdom/harambe-fruit-market/|Harambe Fruit Market
18088970|restaurant|https://disneyworld.disney.go.com/dining/animal-kingdom/harambe-market/|Harambe Market
90002538|restaurant|https://disneyworld.disney.go.com/dining/animal-kingdom/harambe-popcorn/|Harambe Popcorn
17848274|restaurant|https://disneyworld.disney.go.com/dining/epcot/food-wine-japanese-hibachi-experience/|The &quot;Hibachi&quot; Experience
12527498|restaurant|https://disneyworld.disney.go.com/dining/hollywood-studios/high-octane-refreshments/|High Octane Refreshments
90002245|restaurant|https://disneyworld.disney.go.com/dining/hollywood-studios/hollywood-brown-derby/|The Hollywood Brown Derby
17571157|restaurant|https://disneyworld.disney.go.com/dining/hollywood-studios/hollywood-brown-derby-lounge/|The Hollywood Brown Derby Lounge
90001748|restaurant|https://disneyworld.disney.go.com/dining/hollywood-studios/hollywood-scoops/|Hollywood Scoops
17852571|restaurant||Hollywood Studios Special Activities
90001744|restaurant|https://disneyworld.disney.go.com/dining/hollywood-studios/hollywood-and-vine/|Hollywood & Vine
80010856|Dinner-Show|https://disneyworld.disney.go.com/dining/cabins-at-fort-wilderness-resort/hoop-dee-doo-musical-revue/|Hoop-Dee-Doo Musical Revue
90001758|restaurant|https://disneyworld.disney.go.com/dining/beach-club-resort/hurricane-hanna-grill/|Hurricane Hanna's Waterside Bar and Grill
90001303|restaurant|https://disneyworld.disney.go.com/dining/blizzard-beach/i-c-expeditions/|I.C. Expeditions
17758129|Dining-Event|https://disneyworld.disney.go.com/dining/epcot/illuminations-sparkling-dessert-party/|IllumiNations Sparkling Dessert Party
90002012|restaurant|https://disneyworld.disney.go.com/dining/swan-hotel/il-mulino-new-york-trattoria/|Il Mulino
16724469|restaurant|https://disneyworld.disney.go.com/dining/swan-hotel/il-mulino-lounge/|Il Mulino Lounge
90001762|restaurant|https://disneyworld.disney.go.com/dining/all-star-music-resort/intermission-food-court/|Intermission Food Court
17545837|restaurant|https://disneyworld.disney.go.com/dining/epcot/food-wine-italian-pairing/|Italian Food & Wine Pairing
17545829|restaurant|https://disneyworld.disney.go.com/dining/epcot/food-wine-italian-food-beer-pairing/|Italian Pairings with Wine Versus Beer
17545786|restaurant|https://disneyworld.disney.go.com/dining/epcot/food-wine-italian-regional-luncheon/|Italian Regional Food & Wine Pairing Luncheon
18145332|restaurant|https://disneyworld.disney.go.com/dining/epcot/food-wine-japanese-craft-beer-tasting-event/|Japanese Craft Beer Tasting
108863|restaurant|https://disneyworld.disney.go.com/dining/swan-hotel/java-bar/|Java Bar
90001778|restaurant|https://disneyworld.disney.go.com/dining/animal-kingdom-lodge/jiko-the-cooking-place/|Jiko - The Cooking Place
17736030|Dining-Event|https://disneyworld.disney.go.com/dining/animal-kingdom-lodge/jiko-wine-tasting/|Jiko Wine Tasting
18107544|restaurant|https://disneyworld.disney.go.com/dining/disney-springs/jock-lindseys-hangar-bar|Jock Lindsey's Hangar Bar
214225|restaurant|https://disneyworld.disney.go.com/dining/epcot/joy-of-tea/|Joy of Tea
16115734|restaurant|https://disneyworld.disney.go.com/dining/epcot/kabuki-cafe/|Kabuki Cafe
16300748|restaurant|https://disneyworld.disney.go.com/dining/epcot/katsura-grill/|Katsura Grill
90001784|restaurant|https://disneyworld.disney.go.com/dining/swan-hotel/kimonos/|Kimonos
108856|restaurant|https://disneyworld.disney.go.com/dining/swan-hotel/kimonos-lounge/|Kimonos Lounge
90001786|restaurant|https://disneyworld.disney.go.com/dining/polynesian-resort/kona-cafe/|Kona Cafe
90001790|restaurant|https://disneyworld.disney.go.com/dining/polynesian-resort/kona-island/|Kona Island
90001794|restaurant|https://disneyworld.disney.go.com/dining/epcot/kringla-bakeri-og-kafe/|Kringla Bakeri Og Kafe
90001796|restaurant|https://disneyworld.disney.go.com/dining/animal-kingdom/kusafiri-coffee-shop-and-bakery/|Kusafiri Coffee Shop & Bakery
90001345|restaurant|https://disneyworld.disney.go.com/dining/epcot/cantina-de-san-angel/|La Cantina de San Angel
348023|restaurant|https://disneyworld.disney.go.com/dining/epcot/cava-del-tequila/|La Cava del Tequila
214222|restaurant|https://disneyworld.disney.go.com/dining/coronado-springs-resort/laguna-bar/|Laguna Bar
15525573|restaurant|https://disneyworld.disney.go.com/dining/epcot/hacienda-de-san-angel/|La Hacienda de San Angel
16472580|restaurant|https://disneyworld.disney.go.com/dining/art-of-animation-resort/landscape-of-flavors/|Landscape of Flavors
17457762|restaurant|https://disneyworld.disney.go.com/dining/epcot/l-artisan-des-glaces/|L'Artisan des Glaces
248572|restaurant|https://disneyworld.disney.go.com/dining/coronado-springs-resort/las-ventanas/|Las Ventanas
17480848|restaurant|https://disneyworld.disney.go.com/dining/disney-springs/lava-lounge/|Lava Lounge
90001800|restaurant|https://disneyworld.disney.go.com/dining/typhoon-lagoon/leaning-palms/|Leaning Palms
90001802|restaurant|https://disneyworld.disney.go.com/dining/boardwalk/leaping-horse-libations/|Leaping Horse Libations
90001798|restaurant|https://disneyworld.disney.go.com/dining/epcot/le-cellier-steakhouse/|Le Cellier Steakhouse
90001328|restaurant|https://disneyworld.disney.go.com/dining/epcot/les-halles-boulangerie-patisserie/|Les Halles Boulangerie-Patisserie
90001805|restaurant|https://disneyworld.disney.go.com/dining/typhoon-lagoon/lets-go-slurpin/|Let's Go Slurpin'
90001809|restaurant|https://disneyworld.disney.go.com/dining/epcot/liberty-inn/|Liberty Inn
90001819|restaurant|https://disneyworld.disney.go.com/dining/magic-kingdom/liberty-tree-tavern/|Liberty Tree Tavern
108864|restaurant|https://disneyworld.disney.go.com/dining/dolphin-hotel/lobby-lounge/|Lobby Lounge
90001827|restaurant|https://disneyworld.disney.go.com/dining/blizzard-beach/lottawatta-lodge/|Lottawatta Lodge
90001829|restaurant|https://disneyworld.disney.go.com/dining/epcot/lotus-blossom-cafe/|Lotus Blossom Café
90001831|restaurant|https://disneyworld.disney.go.com/dining/typhoon-lagoon/low-tide-lou/|Lowtide Lou's
90001833|restaurant||Luau Cove
90002664|restaurant|https://disneyworld.disney.go.com/dining/magic-kingdom/lunching-pad/|The Lunching Pad
15775832|restaurant|https://disneyworld.disney.go.com/dining/disney-springs/macguffins/|MacGUFFINS
17852569|restaurant||Magic Kingdom Special Activities
90002590|restaurant|https://disneyworld.disney.go.com/dining/magic-kingdom/main-street-bakery/|Main Street Bakery
293709|restaurant|https://disneyworld.disney.go.com/dining/animal-kingdom-villas-kidani/maji-pool-bar/|Maji Pool Bar
90001865|restaurant|https://disneyworld.disney.go.com/dining/hollywood-studios/mama-melrose-ristorante-italiano/|Mama Melrose's Ristorante Italiano
90002251|restaurant|https://disneyworld.disney.go.com/dining/animal-kingdom-lodge/mara/|The Mara
90001869|restaurant|https://disneyworld.disney.go.com/dining/port-orleans-resort-french-quarter/mardi-grogs/|Mardi Grogs
90001875|restaurant|https://disneyworld.disney.go.com/dining/yacht-club-resort/marthas-vineyard/|Martha's Vineyard
90001879|restaurant|https://disneyworld.disney.go.com/dining/coronado-springs-resort/maya-grill/|Maya Grill
90002223|restaurant|https://disneyworld.disney.go.com/dining/cabins-at-fort-wilderness-resort/meadow-snack-bar/|Meadow Snack Bar
18170636|Dining-Event|https://disneyworld.disney.go.com/dining/hollywood-studios/merry-and-bright-dessert-party/|Merry & Bright Dessert Party at Disney’s Hollywood Studios
18156797|Dining-Event|https://disneyworld.disney.go.com/dining/hollywood-studios/merry-and-bright-dinner-reception/|Merry & Bright Dinner Reception at Disney's Hollywood Studios
17545779|restaurant|https://disneyworld.disney.go.com/dining/epcot/food-wine-mexican-tequila-lunch/|Mexican Tequila Lunch
255947|Dinner-Show|https://disneyworld.disney.go.com/dining/cabins-at-fort-wilderness-resort/mickeys-backyard-barbeque/|Mickey's Backyard BBQ
90001951|restaurant|https://disneyworld.disney.go.com/dining/hollywood-studios/min-and-bill-dockside-diner/|Min and Bill's Dockside Diner
90001307|restaurant|https://disneyworld.disney.go.com/dining/blizzard-beach/blizzard-beach-mini-donuts/|Mini Donuts at Disney's Blizzard Beach Water Park
18138026|Dining-Event|https://disneyworld.disney.go.com/dining/hollywood-studios/fantasmic-dinner-hollywood-vine-holidays/|Minnie's Holiday Dine at  Hollywood & Vine Dinner Fantasmic!
16102018|Dining-Event|https://disneyworld.disney.go.com/dining/epcot/food-wine-mixology-seminars/|Mixology Seminars
90001963|restaurant|https://disneyworld.disney.go.com/dining/grand-floridian-resort-and-spa/mizner-lounge/|Mizner's Lounge
90001296|restaurant|https://disneyworld.disney.go.com/dining/epcot/monsieur-paul/|Monsieur Paul
17936194|restaurant|https://disneyworld.disney.go.com/dining/disney-springs/morimoto-asia/|Morimoto Asia
17498008|restaurant|https://disneyworld.disney.go.com/dining/epcot/food-wine-moroccan-pairing/|Moroccan Food & Wine Pairing
90002604|restaurant|https://disneyworld.disney.go.com/dining/port-orleans-resort-riverside/muddy-rivers/|Muddy Rivers
90001983|restaurant|https://disneyworld.disney.go.com/dining/grand-floridian-resort-and-spa/narcoossees/|Narcoossee's
18153678|Dining-Event|https://disneyworld.disney.go.com/dining/magic-kingdom/happy-hallowishes-dessert-package/|New! Happy HalloWishes Dessert Premium Package
243641|Dining-Event|https://disneyworld.disney.go.com/dining/epcot/new-years-eve-at-world-showplace/|New Year's Eve at Epcot World ShowPlace
90001985|restaurant|https://disneyworld.disney.go.com/dining/epcot/nine-dragons-restaurant/|Nine Dragons Restaurant
15494775|restaurant|https://disneyworld.disney.go.com/dining/hollywood-studios/oasis-canteen/|Oasis Canteen
90002606|restaurant|https://disneyworld.disney.go.com/dining/polynesian-resort/ohana/|'Ohana
90002000|restaurant|https://disneyworld.disney.go.com/dining/caribbean-beach-resort/old-port-royale-food-court/|Old Port Royale Food Court
90002006|restaurant|https://disneyworld.disney.go.com/dining/old-key-west-resort/olivia-cafe/|Olivia's Cafe
90002008|restaurant|https://disneyworld.disney.go.com/dining/saratoga-springs-resort-and-spa/on-the-rocks/|On the Rocks
90002010|restaurant|https://disneyworld.disney.go.com/dining/contemporary-resort/outer-rim/|Outer Rim
16018746|restaurant|https://disneyworld.disney.go.com/dining/saratoga-springs-resort-and-spa/paddock-grill/|The Paddock Grill
343233|restaurant|https://disneyworld.disney.go.com/dining/disney-springs/paradiso-37-taste-of-the-americas/|Paradiso 37, Taste of the Americas
18159659|restaurant|https://disneyworld.disney.go.com/dining/epcot/food-wine-parisian-afternoon/|The Parisian Afternoon: Sandwiches, Macaroons, and Bubbles!
17545799|restaurant|https://disneyworld.disney.go.com/dining/epcot/food-wine-parisian-breakfast/|Parisian Breakfast
225149|Dining-Event|https://disneyworld.disney.go.com/dining/epcot/food-wine-party-for-senses/|Party for the Senses
90002610|restaurant|https://disneyworld.disney.go.com/dining/magic-kingdom/pecos-bill-tall-tale-inn-and-cafe/|Pecos Bill Tall Tale Inn and Cafe
90002024|restaurant|https://disneyworld.disney.go.com/dining/coronado-springs-resort/pepper-market/|Pepper Market
90002026|restaurant|https://disneyworld.disney.go.com/dining/pop-century-resort/petals-pool-bar/|Petals Pool Bar
90002298|restaurant|https://disneyworld.disney.go.com/dining/dolphin-hotel/picabu/|Picabu
17856782|restaurant|https://disneyworld.disney.go.com/dining/polynesian-resort/pineapple-lanai/|Pineapple Lanai
90002618|restaurant|https://disneyworld.disney.go.com/dining/magic-kingdom/pinocchio-village-haus/|Pinocchio Village Haus
90002032|restaurant||Pioneer Hall
90002620|restaurant|https://disneyworld.disney.go.com/dining/animal-kingdom/pizzafari/|Pizzafari
90002283|restaurant|https://disneyworld.disney.go.com/dining/hollywood-studios/toy-story-pizza-planet/|Pizza Planet
90002038|restaurant|https://disneyworld.disney.go.com/dining/boardwalk/pizza-window/|Pizza Window
90002041|restaurant|https://disneyworld.disney.go.com/dining/disney-springs/planet-hollywood/|Planet Hollywood®
91955|restaurant|https://disneyworld.disney.go.com/dining/magic-kingdom/plaza-ice-cream-parlor/|Plaza Ice Cream Parlor
90002670|restaurant|https://disneyworld.disney.go.com/dining/magic-kingdom/plaza-restaurant/|The Plaza Restaurant
90002049|restaurant|https://disneyworld.disney.go.com/dining/blizzard-beach/polar-pub/|Polar Pub
90001343|restaurant|https://disneyworld.disney.go.com/dining/epcot/popcorn-at-canada-pavilion/|Popcorn in Canada
90002053|restaurant|https://disneyworld.disney.go.com/dining/disney-springs/portobello/|Portobello Country Italian Trattoria
17517004|restaurant|https://disneyworld.disney.go.com/dining/magic-kingdom/prince-eric-village-market/|Prince Eric’s Village Market
248785|restaurant|https://disneyworld.disney.go.com/dining/epcot/promenade-refreshments/|Promenade Refreshments
90002044|restaurant|https://disneyworld.disney.go.com/dining/disney-springs/raglan-road-irish-pub-and-restaurant/|Raglan Road™ Irish Pub and Restaurant
90002440|restaurant|https://disneyworld.disney.go.com/dining/animal-kingdom/rainforest-cafe-animal-kingdom/|Rainforest Cafe® at Disney's Animal Kingdom
90001873|restaurant|https://disneyworld.disney.go.com/dining/disney-springs/rainforest-cafe-downtown-disney/|Rainforest Cafe® at Disney Springs Marketplace
17564465|restaurant|https://disneyworld.disney.go.com/dining/four-seasons/ravello/|Ravello
90001409|restaurant|https://disneyworld.disney.go.com/dining/epcot/africa-coolpost/|Refreshment Cool Post
90002672|restaurant|https://disneyworld.disney.go.com/dining/epcot/refreshment-port/|Refreshment Port
90002068|restaurant|https://disneyworld.disney.go.com/dining/epcot/restaurant-marrakesh/|Restaurant Marrakesh
90002632|restaurant|https://disneyworld.disney.go.com/dining/animal-kingdom/restaurantosaurus/|Restaurantosaurus
90002073|restaurant|https://disneyworld.disney.go.com/dining/port-orleans-resort-riverside/river-roost/|River Roost
90002077|restaurant|https://disneyworld.disney.go.com/dining/port-orleans-resort-riverside/riverside-mill-food-court/|Riverside Mill Food Court
248573|restaurant|https://disneyworld.disney.go.com/dining/coronado-springs-resort/rix-lounge/|Rix Lounge
90002080|restaurant|https://disneyworld.disney.go.com/dining/wilderness-lodge-resort/roaring-fork/|Roaring Fork
18140775|Dining-Event|https://disneyworld.disney.go.com/dining/epcot/food-wine-rockin-burger-block-party-event/|Rockin' Burger Block Party
90002084|restaurant|https://disneyworld.disney.go.com/dining/epcot/rose-and-crown-dining-room/|Rose & Crown Dining Room
90002086|restaurant|https://disneyworld.disney.go.com/dining/epcot/rose-and-crown-pub/|Rose & Crown Pub
90002090|restaurant|https://disneyworld.disney.go.com/dining/hollywood-studios/rosies-all-american-cafe/|Rosie's All-American Café
293704|restaurant|https://disneyworld.disney.go.com/dining/animal-kingdom-villas-kidani/sanaa/|Sanaa
15602781|restaurant|https://disneyworld.disney.go.com/dining/animal-kingdom-villas-kidani/sanaa-lounge/|Sanaa Lounge
90002100|restaurant|https://disneyworld.disney.go.com/dining/epcot/san-angel-inn-restaurante/|San Angel Inn Restaurante    
90002260|restaurant|https://disneyworld.disney.go.com/dining/contemporary-resort/sand-bar/|The Sand Bar
90002110|restaurant|https://disneyworld.disney.go.com/dining/port-orleans-resort-french-quarter/sassagoula-floatworks-and-food-factory/|Sassagoula Floatworks and Food Factory
90002112|restaurant|https://disneyworld.disney.go.com/dining/port-orleans-resort-french-quarter/scat-cats-club/|Scat Cat's Club
90002114|restaurant|https://disneyworld.disney.go.com/dining/hollywood-studios/sci-fi-dine-in-theater/|Sci-Fi Dine-In Theater Restaurant
90002120|restaurant|https://disneyworld.disney.go.com/dining/boardwalk/seashore-sweets/|Seashore Sweets'
109173|restaurant|https://disneyworld.disney.go.com/dining/dolphin-hotel/shula-lounge/|Shula's Lounge
90002122|restaurant|https://disneyworld.disney.go.com/dining/dolphin-hotel/shula-steak-house/|Shula's Steak House
90002124|restaurant|https://disneyworld.disney.go.com/dining/caribbean-beach-resort/shutters-at-old-port-royale/|Shutters at Old Port Royale
90002130|restaurant|https://disneyworld.disney.go.com/dining/coronado-springs-resort/siestas-cantina/|Siestas Cantina
90002134|restaurant|https://disneyworld.disney.go.com/dining/all-star-movies-resort/silver-screen-spirits-pool-bar/|Silver Screen Spirits Pool Bar
90002136|restaurant|https://disneyworld.disney.go.com/dining/all-star-music-resort/singing-spirits-pool-bar/|Singing Spirits Pool Bar
90002140|restaurant|https://disneyworld.disney.go.com/dining/magic-kingdom/sleepy-hollow/|Sleepy Hollow
17728113|restaurant|https://disneyworld.disney.go.com/dining/disney-springs/smokehouse/|The Smokehouse
90002146|restaurant|https://disneyworld.disney.go.com/dining/typhoon-lagoon/snack-shack/|Snack Shack
90002154|restaurant|https://disneyworld.disney.go.com/dining/epcot/sommerfest/|Sommerfest
17720675|restaurant|https://disneyworld.disney.go.com/dining/epcot/spice-road-table/|Spice Road Table
90002168|restaurant|https://disneyworld.disney.go.com/dining/swan-hotel/splash-grill-and-terrace/|Splash
17134590|restaurant|https://disneyworld.disney.go.com/dining/disney-springs/splitsville/|Splitsville™ Dining Room
17782688|restaurant|https://disneyworld.disney.go.com/dining/disney-springs/starbucks-at-marketplace/|STARBUCKS® at Disney Springs Marketplace
17559972|restaurant|https://disneyworld.disney.go.com/dining/disney-springs/starbucks-west-side/|STARBUCKS® at Disney Springs West Side
90002175|restaurant|https://disneyworld.disney.go.com/dining/hollywood-studios/starring-rolls-cafe/|Starring Rolls Cafe
17957969|restaurant|https://disneyworld.disney.go.com/dining/disney-springs/stk-steakhouse/|STK Steakhouse – Coming in 2015
90002602|restaurant|https://disneyworld.disney.go.com/dining/magic-kingdom/storybook-treats/|Storybook Treats
90002181|restaurant|https://disneyworld.disney.go.com/dining/hollywood-studios/studio-catering-co/|Studio Catering Co.
90002190|restaurant|https://disneyworld.disney.go.com/dining/epcot/sunshine-seasons/|Sunshine Seasons
90002656|restaurant|https://disneyworld.disney.go.com/dining/magic-kingdom/sunshine-tree-terrace/|Sunshine Tree Terrace
90002201|restaurant|https://disneyworld.disney.go.com/dining/polynesian-resort/tambu-lounge/|Tambu Lounge
90002203|restaurant|https://disneyworld.disney.go.com/dining/animal-kingdom/tamu-tamu-refreshments/|Tamu Tamu Refreshments
90002205|restaurant|https://disneyworld.disney.go.com/dining/epcot/tangierine-cafe/|Tangierine Café
18077015|restaurant|https://disneyworld.disney.go.com/dining/epcot/taste-track/|Taste Track
221625|restaurant|https://disneyworld.disney.go.com/dining/epcot/teppan-edo/|Teppan Edo
90002217|restaurant|https://disneyworld.disney.go.com/dining/wilderness-lodge-resort/territory-lounge/|Territory Lounge
90001412|restaurant|https://disneyworld.disney.go.com/dining/epcot/test-track-cool-wash/|Test Track Cool Wash
90002274|restaurant|https://disneyworld.disney.go.com/dining/dolphin-hotel/todd-english-bluezoo/|Todd English's bluezoo
109179|restaurant|https://disneyworld.disney.go.com/dining/dolphin-hotel/todd-english-bluezoo-lounge/|Todd English's bluezoo Lounge
90001313|restaurant|https://disneyworld.disney.go.com/dining/boardwalk/boardwalk-hot-dogs/|The To-Go Cart
221626|restaurant|https://disneyworld.disney.go.com/dining/epcot/tokyo-dining/|Tokyo Dining
90002276|restaurant|https://disneyworld.disney.go.com/dining/hollywood-studios/toluca-legs-turkey-company/|Toluca Legs Turkey Co.
90002668|restaurant|https://disneyworld.disney.go.com/dining/magic-kingdom/tomorrowland-terrace-restaurant/|Tomorrowland Terrace Restaurant
90002678|restaurant|https://disneyworld.disney.go.com/dining/magic-kingdom/tonys-town-square-restaurant/|Tony's Town Square Restaurant
90001473|restaurant|https://disneyworld.disney.go.com/dining/magic-kingdom/tortuga-tavern/|Tortuga Tavern
18050972|restaurant|https://disneyworld.disney.go.com/dining/polynesian-resort/trader-sams-grog-grotto/|Trader Sam's Grog Grotto
90002287|restaurant|https://disneyworld.disney.go.com/dining/cabins-at-fort-wilderness-resort/trails-end-restaurant/|Trail's End Restaurant
18039048|restaurant|https://disneyworld.disney.go.com/dining/cabins-at-fort-wilderness-resort/trails-end-restaurant-to-go/|Trail's End To Go
17851099|restaurant|https://disneyworld.disney.go.com/dining/boardwalk/trattoria-al-forno/|Trattoria al Forno
293563|restaurant|https://disneyworld.disney.go.com/dining/disney-springs/t-rex/|T-REX ™
90002614|restaurant|https://disneyworld.disney.go.com/dining/animal-kingdom/trilo-bites/|Trilo-Bites
17928418|restaurant|https://disneyworld.disney.go.com/dining/hollywood-studios/trolley-car-cafe/|The Trolley Car Café
90002296|restaurant|https://disneyworld.disney.go.com/dining/villas-at-wilderness-lodge/trout-pass-pool-bar/|Trout Pass Pool Bar
90002300|restaurant|https://disneyworld.disney.go.com/dining/hollywood-studios/tune-in-lounge/|Tune-In Lounge
98575|restaurant|https://disneyworld.disney.go.com/dining/saratoga-springs-resort-and-spa/turf-club-bar-and-grill/|The Turf Club Bar and Grill
90002266|restaurant|https://disneyworld.disney.go.com/dining/saratoga-springs-resort-and-spa/turf-club-lounge/|The Turf Club Lounge
90002309|restaurant|https://disneyworld.disney.go.com/dining/old-key-west-resort/turtle-shack-poolside-snacks/|Turtle Shack Poolside Snacks
90002686|restaurant|https://disneyworld.disney.go.com/dining/animal-kingdom/tusker-house-restaurant/|Tusker House Restaurant
16526362|restaurant|https://disneyworld.disney.go.com/dining/epcot/tutto-gusto-wine-cellar/|Tutto Gusto Wine Cellar
220739|restaurant|https://disneyworld.disney.go.com/dining/epcot/tutto-italia-ristorante/|Tutto Italia Ristorante
90002324|restaurant|https://disneyworld.disney.go.com/dining/typhoon-lagoon/typhoon-tilly/|Typhoon Tilly's
90002326|restaurant|https://disneyworld.disney.go.com/dining/epcot/uk-beer-cart/|UK Beer Cart
15921468|restaurant|https://disneyworld.disney.go.com/dining/animal-kingdom/upcountry/|Upcountry
90002332|restaurant|https://disneyworld.disney.go.com/dining/animal-kingdom-lodge/uzima-springs-pool-bar/|Uzima Springs Pool Bar
15525574|restaurant|https://disneyworld.disney.go.com/dining/epcot/via-napoli/|Via Napoli Ristorante e Pizzeria
90002336|restaurant|https://disneyworld.disney.go.com/dining/grand-floridian-resort-and-spa/victoria-and-alberts/|Victoria & Albert's
17736021|Dining-Event|https://disneyworld.disney.go.com/dining/grand-floridian-resort-and-spa/chef-table-at-victoria-and-alberts/|Victoria & Albert's Chef's Table Dinner
17736032|Dining-Event|https://disneyworld.disney.go.com/dining/grand-floridian-resort-and-spa/victoria-and-alberts-queen-victoria-room/|Victoria & Albert's Dinner Queen Victoria Room
90002344|restaurant|https://disneyworld.disney.go.com/dining/animal-kingdom-lodge/victoria-falls-lounge/|Victoria Falls Lounge
18099281|restaurant|https://disneyworld.disney.go.com/dining/disney-springs/vivoli-il-gelato/|Vivoli il Gelato
18070749|restaurant|https://disneyworld.disney.go.com/dining/animal-kingdom-lodge/wanyama-resort-safari-and-dinner/|Wanyama Safari
90002364|restaurant|https://disneyworld.disney.go.com/dining/blizzard-beach/warming-hut/|Warming Hut
278252|restaurant|https://disneyworld.disney.go.com/dining/contemporary-resort/wave-lounge/|The Wave Lounge
266442|restaurant|https://disneyworld.disney.go.com/dining/contemporary-resort/wave-restaurant-of-american-flavors/|The Wave... of American Flavors
90002688|restaurant|https://disneyworld.disney.go.com/dining/magic-kingdom/westward-ho/|Westward Ho
90002374|restaurant|https://disneyworld.disney.go.com/dining/disney-springs/wetzels-pretzels/|Wetzel's Pretzels at Disney Springs Marketplace
17485537|restaurant|https://disneyworld.disney.go.com/dining/disney-springs/wetzels-pretzels-west-side/|Wetzel's Pretzels at Disney Springs West Side
18140774|Dining-Event|https://disneyworld.disney.go.com/dining/epcot/food-wine-whats-cookin-celebrity-chef-brunch/|What's Cookin' With...
90002376|restaurant|https://disneyworld.disney.go.com/dining/wilderness-lodge-resort/whispering-canyon-cafe/|Whispering Canyon Cafe
18063705|Dining-Event|https://disneyworld.disney.go.com/dining/magic-kingdom/wishes-fireworks-dessert-party/|Wishes Fireworks Dessert Party
90002400|restaurant|https://disneyworld.disney.go.com/dining/disney-springs/wolfgang-puck-express-downtown-disney-marketplace/|Wolfgang Puck® Express at Disney Springs Marketplace
23170|restaurant|https://disneyworld.disney.go.com/dining/disney-springs/wolfgang-puck-grand-cafe/|Wolfgang Puck® Grand Cafe
90002408|restaurant|https://disneyworld.disney.go.com/dining/all-star-movies-resort/world-premiere-food-court/|World Premiere Food Court
90002412|restaurant|https://disneyworld.disney.go.com/dining/yacht-club-resort/yachtsman-steakhouse/|Yachtsman Steakhouse
241676|restaurant|https://disneyworld.disney.go.com/dining/animal-kingdom/yak-and-yeti-local-foods-cafe/|Yak & Yeti™ Local Food Cafes
247503|restaurant|https://disneyworld.disney.go.com/dining/animal-kingdom/quality-beverages/|Yak & Yeti™ Quality Beverages
215686|restaurant|https://disneyworld.disney.go.com/dining/animal-kingdom/yak-and-yeti-restaurant/|Yak & Yeti™ Restaurant
90002416|restaurant|https://disneyworld.disney.go.com/dining/epcot/yorkshire-county-fish-shop/|Yorkshire County Fish Shop
18436515|restaurant|https://disneyworld.disney.go.com/dining/disney-springs/frontera-cocina/|Frontera Cocina

